交易日期,開盤價,最高價,最低價,收盤價,成交量
20210929,17130,17139,16760,16823,211133
20210930,16828,16966,16668,16917,182166
20211001,16940,16942,16415,16517,216978
20211004,16455,16654,16313,16358,231091
20211005,16345,16457,16107,16398,221187
20211006,16381,16500,16265,16359,171389
20211007,16360,16760,16200,16706,194548
20211008,16713,16799,16591,16627,137297
20211012,16619,16671,16285,16418,176555
20211013,16389,16585,16318,16318,161022
20211014,16316,16546,16261,16405,151691
20211015,16454,16790,16445,16782,153220
20211018,16788,16870,16705,16725,116847
20211019,16699,16954,16674,16902,108524
20211020,16933,16989,16863,16882,76017
20211021,16873,17047,16812,16813,143217
20211022,16810,16913,16770,16854,126090
20211025,16849,16930,16731,16888,130727
20211026,16902,17073,16883,17048,114448
20211027,17044,17088,16928,17071,116053
20211028,17070,17103,16980,17038,116307
20211029,17017,17112,16858,16945,134757
20211101,16930,17130,16881,17079,110042
20211102,17078,17255,17004,17047,125144
20211103,17047,17127,17023,17092,91783
20211104,17102,17280,17050,17075,120117
20211105,17067,17279,17059,17267,114702
20211108,17274,17425,17241,17424,109961
20211109,17421,17593,17415,17555,105092
20211110,17560,17633,17496,17555,108740
20211111,17573,17627,17395,17470,128323
20211112,17485,17638,17462,17547,120157
20211115,17540,17707,17520,17664,102000
20211116,17665,17719,17637,17701,79633
20211117,17712,17761,17678,17722,66488
20211118,17758,17868,17743,17860,109586
20211119,17857,17949,17813,17851,108413
20211122,17850,17876,17724,17836,97573
20211123,17838,17889,17638,17659,138216
20211124,17658,17698,17557,17679,119995
20211125,17694,17718,17588,17676,102892
20211126,17667,17676,17307,17342,143294
20211129,17321,17416,17065,17308,187293
20211130,17368,17537,17295,17327,148086
20211201,17291,17617,17209,17586,179437
20211202,17590,17709,17500,17705,155510
20211203,17742,17775,17621,17706,136755
20211206,17707,17736,17527,17693,139962
20211207,17678,17799,17586,17795,132502
20211208,17805,17988,17781,17851,126487
20211209,17849,17946,17812,17911,104596
20211210,17915,17940,17765,17818,102601
20211213,17824,17944,17743,17752,110059
20211214,17765,17793,17565,17605,121101
20211215,17590,17666,17501,17630,86773
20211216,17581,17809,17530,17804,122713
20211217,17813,17850,17675,17786,118385
20211220,17786,17808,17564,17580,142127
20211221,17550,17829,17495,17796,135313
20211222,17812,17852,17762,17833,82419
20211223,17833,17983,17822,17954,91006
20211224,17954,18035,17946,17958,67420
20211227,17940,18099,17917,18068,67339
20211228,18075,18209,18059,18207,79773
20211229,18216,18289,18180,18276,81507
20211230,18273,18291,18177,18212,74676
20220103,18212,18389,18203,18273,111207
20220104,18281,18522,18257,18516,115963
20220105,18516,18577,18438,18480,115890
20220106,18495,18565,18238,18335,158393
20220107,18343,18478,18115,18143,181496
20220110,18131,18264,18022,18258,144457
20220111,18269,18305,18091,18280,173600
20220112,18250,18411,18217,18375,136017
20220113,18383,18485,18357,18425,132808
20220114,18481,18650,18220,18357,214001
20220117,18386,18537,18307,18509,150229
20220118,18519,18583,18347,18349,127425
20220119,18360,18388,18210,18218,115867
20220120,18158,18270,18081,18226,168951
20220121,18248,18287,17836,17895,203037
20220124,17900,17973,17700,17957,202655
20220125,17949,17980,17508,17678,278707
20220126,17645,17757,17509,17625,188681
20220207,17627,17900,17439,17899,168821
20220208,17905,18047,17863,17942,124240
20220209,17967,18169,17948,18167,102291
20220210,18169,18340,18133,18337,124840
20220211,18370,18397,18182,18275,147512
20220214,18288,18380,17934,17977,173796
20220215,17962,18093,17830,17953,172552
20220216,17970,18248,17963,18207,101857
20220217,18233,18330,18153,18243,161948
20220218,18256,18275,18039,18226,144405
20220221,18205,18242,17970,18210,159861
20220222,18243,18256,17773,17878,196143
20220223,17863,18060,17806,18042,159296
20220224,18042,18093,17506,17516,246137
20220225,17478,17702,17226,17606,259170
20220301,17590,17942,17503,17911,190028
20220302,17948,17980,17675,17844,168942
20220303,17783,17965,17680,17929,157872
20220304,17940,17944,17522,17666,191588
20220307,17690,17746,17051,17058,232814
20220308,17075,17175,16695,16702,260897
20220309,16688,17023,16638,16946,231953
20220310,16972,17456,16958,17437,172699
20220311,17449,17496,17170,17220,193068
20220314,17282,17394,17110,17239,190017
20220315,17255,17321,16861,16882,197228
20220316,16846,17095,16728,16937,152503
20220317,17020,17470,16974,17446,219238
20220318,17458,17497,17295,17391,173524
20220321,17390,17577,17305,17489,147535
20220322,17508,17566,17440,17520,124445
20220323,17534,17735,17520,17702,133861
20220324,17692,17700,17547,17671,131479
20220325,17655,17762,17591,17621,132172
20220328,17630,17661,17304,17438,169391
20220329,17454,17583,17433,17545,123541
20220330,17550,17755,17540,17741,147870
20220331,17742,17774,17620,17639,120960
20220401,17620,17663,17414,17554,136526
20220406,17568,17624,17327,17506,138241
20220407,17510,17520,17123,17143,172593
20220408,17187,17318,17134,17316,146089
20220411,17337,17382,16976,17039,185990
20220412,17036,17100,16906,16999,167404
20220413,17016,17321,16975,17316,167355
20220414,17290,17352,17248,17298,118840
20220415,17307,17331,16960,16983,155732
20220418,16976,17019,16813,16881,121138
20220419,16888,17122,16881,17000,134026
20220420,17004,17135,16942,17125,98658
20220421,17057,17222,17053,17126,135846
20220422,17111,17192,16823,16992,156268
20220425,16997,17012,16508,16572,194369
20220426,16505,16666,16490,16586,167451
20220427,16565,16574,16160,16285,226876
20220428,16300,16416,16202,16387,204709
20220429,16422,16658,16319,16583,194267
20220503,16595,16622,16363,16470,159038
20220504,16431,16589,16373,16519,133861
20220505,16528,16776,16394,16684,155797
20220506,16638,16645,16266,16355,189080
20220509,16339,16419,16015,16027,207629
20220510,16048,16091,15730,16039,216121
20220511,16111,16115,15862,16010,186513
20220512,16006,16092,15608,15632,240354
20220513,15631,15854,15526,15851,203927
20220516,15835,16044,15813,15921,160958
20220517,15915,16096,15867,16075,132350
20220518,16100,16318,16080,16302,100279
20220519,16195,16217,15820,15911,182823
20220520,15897,16145,15748,16135,201257
20220523,16127,16263,15852,16147,212667
20220524,16185,16242,15914,15926,169022
20220525,15905,16146,15834,16060,185214
20220526,16073,16203,15928,15950,195447
20220527,15950,16245,15944,16230,152699
20220530,16250,16584,16225,16560,134742
20220531,16560,16716,16460,16682,133847
20220601,16645,16755,16550,16610,162169
20220602,16623,16668,16465,16532,150328
20220606,16560,16700,16463,16600,156303
20220607,16604,16705,16406,16462,155639
20220608,16465,16693,16433,16644,135159
20220609,16653,16702,16524,16582,124736
20220610,16583,16662,16350,16471,154635
20220613,16461,16512,15993,16053,183157
20220614,16026,16077,15809,16055,186883
20220615,16050,16096,15925,16062,117620
20220616,15551,15805,15382,15410,210364
20220617,15335,15348,15093,15200,225874
20220620,15155,15244,14966,15038,220464
20220621,15048,15362,15028,15334,145476
20220622,15316,15415,14984,15012,176665
20220623,14991,15175,14804,14938,261756
20220624,14904,15142,14849,15058,208010
20220627,15034,15400,15009,15277,153086
20220628,15261,15326,15096,15192,152075
20220629,15250,15295,14980,15019,175214
20220630,14976,15035,14610,14622,197620
20220701,14556,14702,14128,14175,289045
20220704,14202,14316,14025,14152,229169
20220705,14160,14430,13975,14231,203482
20220706,14227,14265,13858,13871,237559
20220707,13900,14295,13832,14176,223363
20220708,14181,14485,14179,14329,191883
20220711,14344,14496,14229,14276,195395
20220712,14246,14308,13850,13914,180998
20220713,13914,14356,13882,14277,207134
20220714,14287,14437,14101,14389,232679
20220715,14400,14542,14261,14475,204451
20220718,14449,14666,14408,14650,154319
20220719,14658,14716,14522,14678,123314
20220720,14677,14907,14661,14712,101088
20220721,14605,14771,14532,14748,150285
20220722,14741,14855,14693,14751,146203
20220725,14776,14846,14675,14794,136145
20220726,14815,14850,14650,14705,131375
20220727,14699,14800,14581,14794,150294
20220728,14781,14969,14774,14831,136709
20220729,14830,14990,14768,14938,149208
20220801,14931,14999,14804,14870,130625
20220802,14889,14910,14589,14643,161939
20220803,14651,14756,14570,14669,174286
20220804,14666,14737,14461,14658,184560
20220805,14650,15020,14641,15009,139806
20220808,15013,15015,14888,14961,119197
20220809,14960,15065,14842,15016,134795
20220810,15025,15033,14832,14876,120818
20220811,14867,15191,14854,15183,134602
20220812,15217,15332,15190,15272,122384
20220815,15275,15432,15262,15387,106649
20220816,15390,15450,15332,15422,92436
20220817,15415,15461,15364,15452,75067
20220818,15368,15377,15224,15315,119181
20220819,15285,15406,15275,15353,110339
20220822,15325,15342,15156,15175,107268
20220823,15165,15196,15022,15028,109131
20220824,15003,15135,14987,15035,117841
20220825,15053,15225,15033,15172,120234
20220826,15243,15318,15188,15241,111153
20220829,15254,15295,14762,14818,185752
20220830,14847,14994,14805,14948,131545
20220831,14960,15099,14721,15039,196794
20220901,15039,15049,14675,14736,189749
20220902,14700,14820,14584,14597,172726
20220905,14624,14742,14520,14611,176307
20220906,14639,14770,14555,14634,114549
20220907,14647,14680,14331,14359,170879
20220908,14370,14552,14303,14548,149730
20220912,14548,14824,14449,14794,145631
20220913,14808,14928,14797,14875,101147
20220914,14886,14938,14443,14577,179138
20220915,14587,14715,14517,14642,143205
20220916,14650,14671,14465,14483,148184
20220919,14472,14579,14406,14420,138379
20220920,14392,14569,14361,14561,117856
20220921,14559,14597,14392,14402,94598
20220922,14390,14545,14088,14242,209631
20220923,14232,14324,14056,14119,158096
20220926,14110,14134,13740,13758,194201
20220927,13763,13882,13735,13818,169878
20220928,13852,13910,13486,13515,219011
20220929,13494,13693,13423,13524,213307
20220930,13481,13493,13291,13395,215304
20221003,13420,13465,13215,13304,198960
20221004,13335,13615,13283,13597,159214
20221005,13610,13884,13593,13820,183132
20221006,13828,13957,13667,13869,169160
20221007,13829,13846,13683,13689,152410
20221011,13665,13716,13081,13091,217468
20221012,13059,13155,12952,13076,205577
20221013,13118,13120,12805,12869,186348
20221014,12880,13249,12666,13166,274615
20221017,13147,13208,12821,12981,244825
20221018,12982,13182,12942,13103,178256
20221019,13111,13191,12955,12998,163384
20221020,12908,12929,12662,12900,223165
20221021,12885,13078,12794,12805,205535
20221024,12827,13126,12743,12882,234536
20221025,12863,12946,12652,12682,241396
20221026,12685,12850,12664,12739,175560
20221027,12760,12984,12755,12956,178691
20221028,12920,12975,12745,12764,174700
20221031,12737,12997,12731,12943,156193
20221101,12933,13095,12858,13031,136312
20221102,13055,13107,12991,13083,129427
20221103,13072,13140,12854,12958,158347
20221104,12942,13039,12819,13030,148925
20221107,13050,13265,12990,13224,189191
20221108,13217,13390,13194,13334,122301
20221109,13340,13613,13319,13595,150510
20221110,13581,13657,13461,13477,139433
20221111,13458,14062,13410,14058,217613
20221114,14088,14231,14051,14127,172538
20221115,14128,14575,14121,14530,169848
20221116,14535,14810,14451,14499,152496
20221117,14515,14560,14357,14513,144806
20221118,14519,14681,14347,14460,201139
20221121,14462,14565,14411,14428,137440
20221122,14414,14529,14364,14505,121608
20221123,14488,14642,14480,14600,118245
20221124,14605,14789,14594,14775,115992
20221125,14760,14827,14703,14703,89500
20221128,14709,14710,14433,14475,144848
20221129,14495,14678,14405,14658,136702
20221130,14666,14838,14563,14800,148548
20221201,14808,15119,14713,14977,174450
20221202,14940,14996,14842,14886,128627
20221205,14882,15046,14717,14935,140859
20221206,14947,14951,14672,14675,138247
20221207,14678,14780,14568,14623,156163
20221208,14601,14637,14413,14496,163633
20221209,14510,14722,14509,14707,137108
20221212,14728,14782,14485,14581,148761
20221213,14582,14687,14496,14519,125055
20221214,14511,14777,14505,14710,199289
20221215,14707,14750,14518,14708,150607
20221216,14699,14702,14408,14461,168647
20221219,14485,14512,14327,14404,127024
20221220,14428,14492,14121,14154,149701
20221221,14185,14278,14153,14219,88506
20221222,14168,14396,14149,14377,115378
20221223,14372,14404,14090,14190,138025
20221226,14191,14275,14105,14245,99249
20221227,14249,14392,14225,14303,72120
20221228,14310,14320,14070,14110,119528
20221229,14127,14168,13938,14032,127892
20221230,14038,14221,14031,14134,102661
20230103,14116,14247,13952,14230,160081
20230104,14227,14315,14146,14208,140632
20230105,14210,14375,14203,14289,142821
20230106,14275,14403,14223,14364,128387
20230109,14363,14770,14324,14769,158553
20230110,14760,14902,14731,14808,127998
20230111,14819,14884,14746,14792,109783
20230112,14778,14872,14709,14768,109017
20230113,14771,15020,14720,14833,183921
20230116,14858,15004,14806,14936,112350
20230117,14926,14969,14884,14925,70434
20230130,14918,15559,14828,15451,74605
20230131,15456,15498,15265,15268,105502
20230201,15255,15402,15228,15383,105264
20230202,15388,15600,15330,15580,133765
20230203,15587,15668,15488,15579,124495
20230206,15575,15610,15391,15405,141596
20230207,15391,15447,15307,15396,109109
20230208,15400,15624,15332,15604,131068
20230209,15601,15627,15506,15601,100335
20230210,15600,15743,15520,15575,138180
20230213,15582,15645,15431,15533,131152
20230214,15534,15682,15524,15661,98483
20230215,15665,15741,15382,15398,133912
20230216,15357,15599,15338,15546,127690
20230217,15540,15569,15384,15433,132739
20230220,15436,15555,15367,15522,111077
20230221,15531,15547,15471,15528,74093
20230222,15532,15534,15306,15376,126313
20230223,15378,15656,15344,15597,139480
20230224,15595,15699,15526,15542,132043
20230301,15540,15555,15333,15544,128509
20230302,15552,15618,15435,15542,127013
20230303,15540,15670,15505,15619,124354
20230306,15618,15834,15605,15774,121760
20230307,15772,15894,15748,15874,95565
20230308,15862,15883,15719,15785,127014
20230309,15788,15866,15751,15767,106309
20230310,15767,15798,15452,15484,161584
20230313,15476,15552,15345,15520,194491
20230314,15538,15563,15310,15352,185699
20230315,15340,15532,15338,15404,105038
20230316,15340,15349,15068,15227,215368
20230317,15197,15418,15162,15403,166866
20230320,15417,15477,15321,15373,138141
20230321,15291,15517,15211,15455,144368
20230322,15475,15725,15457,15712,131343
20230323,15724,15866,15654,15837,159041
20230324,15847,15979,15798,15912,143336
20230327,15907,15935,15780,15831,138810
20230328,15815,15831,15655,15690,136023
20230329,15710,15787,15642,15740,117247
20230330,15752,15862,15742,15821,115246
20230331,15830,15965,15820,15864,116343
20230406,15848,15928,15701,15760,111278
20230407,15782,15870,15750,15818,88912
20230410,15814,15927,15806,15849,72016
20230411,15845,15963,15733,15921,120786
20230412,15931,15966,15866,15926,85771
20230413,15911,16003,15808,15816,139864
20230414,15832,15995,15784,15947,128285
20230417,15946,15974,15875,15970,107689
20230418,15970,15981,15862,15890,100644
20230419,15892,15941,15750,15775,74646
20230420,15768,15798,15682,15731,132707
20230421,15758,15794,15602,15615,155252
20230424,15609,15655,15542,15623,119445
20230425,15629,15670,15369,15388,144751
20230426,15389,15409,15287,15375,133329
20230427,15375,15461,15305,15427,118846
20230428,15437,15596,15420,15573,123123
20230502,15567,15672,15531,15636,116585
20230503,15651,15655,15504,15552,110416
20230504,15555,15619,15488,15609,118431
20230505,15615,15696,15527,15643,120435
20230508,15648,15779,15628,15723,108654
20230509,15725,15749,15652,15739,95862
20230510,15724,15731,15581,15609,108819
20230511,15586,15683,15517,15518,147368
20230512,15508,15559,15406,15508,136155
20230515,15503,15535,15416,15510,113428
20230516,15536,15723,15505,15690,107873
20230517,15698,15973,15685,15954,92693
20230518,15876,16085,15862,16070,128817
20230519,16067,16161,16065,16129,124186
20230522,16124,16158,16080,16116,85493
20230523,16110,16195,16072,16133,100516
20230524,16122,16131,16005,16072,109642
20230525,16058,16232,15950,16207,144454
20230526,16224,16456,16196,16435,145879
20230529,16456,16650,16442,16570,127738
20230530,16576,16607,16515,16576,81752
20230531,16592,16724,16455,16489,169608
20230601,16491,16541,16395,16470,124924
20230602,16473,16738,16453,16710,129586
20230605,16720,16800,16657,16681,120494
20230606,16691,16784,16660,16747,107319
20230607,16735,16906,16704,16889,110981
20230608,16878,16963,16667,16719,134436
20230609,16716,16888,16714,16888,110785
20230612,16888,16987,16853,16942,116041
20230613,16948,17274,16932,17220,125570
20230614,17237,17320,17133,17203,128144
20230615,17177,17348,17154,17337,119196
20230616,17330,17366,17215,17268,121220
20230619,17263,17311,17160,17255,103949
20230620,17260,17269,17106,17189,96392
20230621,17185,17244,17135,17229,67185
20230626,17008,17022,16822,16880,105236
20230627,16872,16906,16705,16743,128064
20230628,16743,16846,16712,16776,112454
20230629,16766,16965,16719,16756,155197
20230630,16744,16826,16671,16788,118369
20230703,16776,17038,16775,17035,110352
20230704,17040,17116,16983,17106,96036
20230705,17112,17125,16975,17005,84352
20230706,16969,16972,16673,16686,145353
20230707,16686,16716,16520,16623,145976
20230710,16619,16760,16545,16550,154038
20230711,16569,16877,16560,16870,130061
20230712,16900,16940,16811,16925,128750
20230713,16907,17255,16888,17084,169413
20230714,17095,17305,17083,17292,123273
20230717,17274,17357,17222,17291,119100
20230718,17301,17386,17152,17225,133754
20230719,17225,17325,17092,17102,98753
20230720,17095,17150,17011,17126,137247
20230721,17010,17020,16816,16944,170957
20230724,16952,17024,16866,16981,140308
20230725,16980,17225,16973,17180,128765
20230726,17199,17266,17078,17102,123834
20230727,17109,17263,17033,17221,147299
20230728,17234,17333,17111,17262,165779
20230731,17289,17425,17058,17100,179545
20230801,17097,17218,17075,17182,126777
20230802,17182,17195,16806,16814,173963
20230804,16790,16863,16659,16824,163023
20230807,16824,17027,16725,17002,163629
20230808,16996,17052,16757,16853,161934
20230809,16822,16935,16712,16852,152384
20230810,16863,16917,16584,16660,174063
20230811,16652,16793,16574,16625,173382
20230814,16630,16644,16306,16378,174824
20230815,16374,16540,16332,16422,129630
20230816,16420,16438,16290,16364,99191
20230817,16380,16493,16205,16454,180995
20230818,16502,16545,16320,16352,177040
20230821,16348,16474,16266,16351,150691
20230822,16341,16507,16335,16401,133535
20230823,16433,16561,16334,16559,147536
20230824,16561,16798,16518,16759,164993
20230825,16754,16774,16415,16421,166335
20230828,16391,16548,16362,16490,156523
20230829,16501,16632,16453,16624,122235
20230830,16633,16778,16585,16724,122922
20230831,16715,16747,16602,16628,129189
20230901,16614,16727,16534,16651,126892
20230904,16633,16782,16572,16782,139672
20230905,16788,16792,16707,16754,76767
20230906,16738,16801,16691,16711,112627
20230907,16710,16710,16560,16564,124302
20230908,16563,16588,16464,16563,120835
20230911,16573,16598,16366,16427,142819
20230912,16435,16591,16413,16573,128990
20230913,16593,16645,16520,16577,115418
20230914,16582,16842,16550,16838,128912
20230915,16838,16918,16805,16906,116835
20230918,16904,16906,16700,16709,120733
20230919,16703,16747,16603,16609,106822
20230920,16613,16648,16529,16537,78041
20230921,16577,16651,16280,16309,146042
20230922,16297,16355,16188,16345,125613
20230925,16345,16491,16313,16464,111376
20230926,16466,16470,16273,16308,132191
20230927,16280,16343,16198,16311,122657
20230928,16320,16435,16226,16368,138440
20231002,16353,16610,16313,16557,125636
20231003,16570,16584,16408,16412,133653
20231004,16428,16444,16164,16245,163404
20231005,16222,16486,16215,16456,147187
20231006,16436,16552,16381,16531,124837
20231011,16534,16829,16438,16717,158744
20231012,16708,16857,16646,16848,116577
20231013,16857,16859,16676,16770,116773
20231016,16775,16784,16603,16648,135099
20231017,16665,16788,16634,16650,110411
20231018,16653,16698,16411,16426,110828
20231019,16466,16487,16353,16458,139769
20231020,16480,16578,16255,16413,195728
20231023,16405,16447,16250,16254,141008
20231024,16253,16348,16145,16335,189751
20231025,16340,16480,16292,16358,146658
20231026,16365,16383,16039,16069,182799
20231027,16064,16217,16033,16151,159799
20231030,16151,16238,16045,16157,145830
20231031,16172,16230,15973,15994,161883
20231101,16011,16120,15978,16048,143186
20231102,16067,16399,16034,16390,136737
20231103,16389,16537,16381,16512,124048
20231106,16514,16750,16472,16670,134382
20231107,16696,16715,16613,16709,103106
20231108,16699,16797,16683,16749,117544
20231109,16736,16797,16689,16763,107847
20231110,16771,16843,16627,16736,129031
20231113,16750,17041,16743,16876,140287
20231114,16874,16976,16860,16949,92222
20231115,16957,17192,16948,17123,100416
20231116,17168,17260,17109,17186,134205
20231117,17191,17252,17122,17222,128368
20231120,17218,17288,17154,17200,108880
20231121,17191,17425,17188,17415,102288
20231122,17404,17421,17256,17284,106546
20231123,17263,17350,17214,17307,131161
20231124,17330,17376,17265,17293,78507
20231127,17287,17361,17145,17173,111554
20231128,17180,17402,17166,17364,117978
20231129,17384,17450,17314,17334,113570
20231130,17350,17445,17291,17393,124901
20231201,17394,17444,17254,17421,135518
20231204,17426,17507,17366,17419,126427
20231205,17405,17417,17231,17309,123504
20231206,17280,17453,17272,17381,120233
20231207,17370,17428,17261,17270,120807
20231208,17274,17470,17264,17377,133953
20231211,17370,17457,17336,17418,115678
20231212,17422,17545,17404,17464,101893
20231213,17465,17519,17397,17453,112189
20231214,17445,17691,17404,17666,140654
20231215,17670,17775,17642,17674,123671
20231218,17685,17708,17583,17655,98490
20231219,17649,17649,17505,17574,101399
20231220,17564,17655,17542,17636,64018
20231221,17664,17678,17376,17529,123227
20231222,17524,17612,17504,17558,102271
20231225,17555,17666,17532,17622,71421
20231226,17630,17740,17615,17735,60884
20231227,17734,17874,17707,17857,85783
20231228,17865,17887,17812,17865,89749
20231229,17870,17900,17827,17868,78552
20240102,17871,17920,17751,17798,116498
20240103,17793,17817,17507,17546,149638
20240104,17544,17585,17479,17546,108994
20240105,17571,17626,17491,17519,119956
20240108,17510,17706,17452,17595,153464
20240109,17595,17782,17526,17545,151613
20240110,17544,17555,17431,17458,136123
20240111,17450,17606,17441,17575,135209
20240112,17571,17595,17397,17489,150817
20240115,17487,17655,17411,17559,164644
20240116,17569,17576,17321,17333,129046
20240117,17342,17375,17159,17167,113486
20240118,17204,17326,17162,17280,141020
20240119,17376,17684,17333,17678,197546
20240122,17685,17843,17650,17817,150031
20240123,17802,17877,17766,17870,117126
20240124,17879,17941,17863,17903,109140
20240125,17915,18090,17903,17995,136486
20240126,18009,18078,17936,17999,115616
20240129,17992,18135,17960,18125,122630
20240130,18126,18152,18058,18081,107770
20240131,18063,18066,17904,17920,120700
20240201,17915,18044,17882,17986,150356
20240202,17966,18105,17951,18084,113304
20240205,18080,18102,17958,18086,125551
20240215,18086,18696,18026,18667,139889
20240216,18666,18727,18633,18634,94465
20240219,18636,18692,18618,18671,89305
20240220,18678,18754,18596,18753,75751
20240221,18773,18817,18659,18670,74850
20240222,18692,18890,18670,18889,118645
20240223,18888,19004,18888,18913,126700
20240226,18917,18996,18853,18963,106151
20240227,18968,19020,18750,18867,148407
20240229,18871,18997,18805,18966,114533
20240301,18961,19017,18891,18961,127441
20240304,18970,19340,18912,19314,162731
20240305,19314,19437,19305,19389,138107
20240306,19371,19523,19217,19509,150117
20240307,19521,19770,19488,19709,198179
20240308,19693,20009,19638,19791,255782
20240311,19790,19992,19665,19715,222860
20240312,19722,19956,19655,19955,151125
20240313,19956,20064,19865,19927,191953
20240314,19932,19978,19799,19939,151452
20240315,19959,19966,19723,19730,154083
20240318,19733,19920,19710,19919,127700
20240319,19917,19965,19739,19867,132899
20240320,19880,19956,19731,19747,109554
20240321,19838,20264,19831,20264,154949
20240322,20275,20358,20122,20242,164882
20240325,20221,20307,20185,20231,114219
20240326,20220,20459,20038,20187,213381
20240327,20205,20288,20127,20261,127343
20240328,20255,20285,20081,20203,150717
20240329,20192,20299,20156,20280,128705
20240401,20287,20400,20259,20288,113718
20240402,20290,20524,20283,20523,143848
20240403,20539,20554,20275,20349,164427
20240408,20349,20520,20342,20450,131315
20240409,20448,20877,20427,20874,163249
20240410,20885,20893,20749,20851,135864
20240411,20859,20874,20651,20753,159803
20240412,20728,20809,20630,20755,147667
20240415,20760,20767,20460,20508,167300
20240416,20498,20588,19798,19953,232086
20240417,19926,20289,19821,20238,131430
20240418,20148,20359,19933,20358,198271
20240419,20380,20449,19265,19546,367590
20240422,19615,19766,19445,19524,227591
20240423,19559,19745,19492,19677,155520
20240424,19690,20202,19678,20170,157364
20240425,20159,20160,19834,19885,176946
20240426,19883,20271,19710,20178,237410
20240429,20201,20560,20120,20552,164945
20240430,20528,20576,20402,20413,130055
20240502,20445,20466,20215,20291,158658
20240503,20291,20597,20192,20382,180157
20240506,20366,20714,20333,20602,163560
20240507,20624,20760,20536,20650,126353
20240508,20655,20738,20574,20725,109898
20240509,20750,20763,20605,20612,131014
20240510,20606,20828,20559,20809,142541
20240513,20834,20984,20827,20883,140377
20240514,20887,21015,20853,21013,97399
20240515,21018,21361,20944,21143,106416
20240516,21244,21556,21240,21370,166940
20240517,21351,21440,21268,21336,120012
20240520,21346,21485,21153,21302,151176
20240521,21314,21387,21165,21277,116979
20240522,21282,21613,21260,21583,127336
20240523,21576,21661,21433,21604,134318
20240524,21606,21691,21390,21565,153616
20240527,21560,21917,21544,21875,136778
20240528,21872,21994,21845,21954,92772
20240529,21956,21970,21720,21722,129005
20240530,21722,21741,21368,21391,159673
20240531,21404,21641,21253,21285,198683
20240603,21287,21698,21129,21654,211384
20240604,21653,21666,21284,21320,182830
20240605,21286,21493,21135,21463,190442
20240606,21458,21962,21373,21875,188022
20240607,21893,21932,21743,21897,134727
20240611,21898,21970,21730,21798,163646
20240612,21816,22063,21646,22046,152179
20240613,22056,22473,22020,22323,188637
20240614,22325,22514,22181,22511,146659
20240617,22500,22554,22363,22477,123359
20240618,22489,22812,22482,22786,140397
20240619,22785,23291,22774,23225,134411
20240620,23150,23380,23085,23378,130711
20240621,23354,23400,22974,23210,191242
20240624,23198,23211,22700,22746,220806
20240625,22768,22850,22410,22743,202953
20240626,22722,23005,22611,22872,170702
20240627,22870,22938,22555,22793,161603
20240628,22810,23117,22751,22983,174910
20240701,22978,23166,22850,22991,152809
20240702,23000,23013,22717,22831,171751
20240703,22820,23188,22752,23185,148896
20240704,23202,23626,23171,23624,150221
20240705,23626,23697,23526,23570,93656
20240708,23581,23994,23461,23913,160802
20240709,23912,24092,23624,23878,190455
20240710,23856,24014,23702,24000,154977
20240711,24010,24405,23996,24367,153209
20240712,24346,24449,23784,23808,206393
20240715,23820,24184,23756,23853,192860
20240716,23877,24182,23711,24002,191829
20240717,23985,24086,23647,23679,137099
20240718,23703,23733,23154,23383,224229
20240719,23519,23592,22853,22909,295150
20240722,22878,23009,22184,22379,284868
20240723,22399,22871,22366,22830,167580
20240726,22828,22866,21918,22095,191801
20240729,22080,22519,22076,22261,173741
20240730,22243,22299,21809,22246,200413
20240731,22250,22348,21786,22290,201521
20240801,22352,22728,22341,22653,181260
20240802,22580,22635,21508,21533,253961
20240805,21495,21524,19374,19374,339779
20240806,19374,20790,18836,20420,358520
20240807,20332,21335,19947,21131,285715
20240808,21061,21454,20545,20696,243929
20240809,20801,21593,20565,21481,248886
20240812,21507,21895,21331,21677,194194
20240813,21633,21924,21560,21769,141541
20240814,21805,22158,21692,21978,150188
20240815,22018,22202,21731,21840,162357
20240816,21839,22447,21753,22367,152369
20240819,22368,22521,22166,22361,140154
20240820,22325,22578,22246,22436,119176
20240821,22441,22496,22151,22200,90692
20240822,22220,22301,22014,22100,143182
20240823,22157,22298,21765,22129,160229
20240826,22118,22450,22075,22206,167913
20240827,22192,22313,21992,22146,120391
20240828,22159,22414,22048,22401,140407
20240829,22431,22552,21900,22176,161442
20240830,22200,22478,22193,22323,139558
20240902,22318,22448,22095,22227,139933
20240903,22215,22314,22000,22070,104763
20240904,22089,22154,20828,20947,238275
20240905,20960,21454,20916,21183,174619
20240906,21176,21475,21013,21319,177389
20240909,21299,21530,20550,21073,234419
20240910,21106,21348,20905,21000,165325
20240911,21023,21185,20819,21005,158413
20240912,21066,21780,20880,21711,202044
20240913,21702,21895,21579,21820,127721
20240916,21789,21892,21735,21813,88191
20240918,21800,21872,21560,21619,86989
20240919,21714,22082,21605,22074,156639
20240920,22099,22434,22083,22220,132482
20240923,22228,22392,22097,22338,103621
20240924,22300,22508,22152,22491,123866
20240925,22553,22903,22504,22792,135810
20240926,22766,23078,22747,22957,122585
20240927,23007,23395,22878,22884,164540
20240930,22873,22981,22316,22326,167150
20241001,22334,22463,22006,22391,129946
20241004,22403,22507,21889,22284,172920
20241007,22324,22808,22237,22779,153940
20241008,22751,22757,22392,22575,130831
20241009,22599,22888,22542,22702,119471
20241011,22666,23047,22569,22912,116222
20241014,22911,23076,22817,23008,98780
20241015,23050,23386,23017,23225,98288
20241016,23211,23262,22809,22986,107366
20241017,23059,23277,23005,23256,118924
20241018,23497,23988,23450,23657,180862
20241021,23686,23883,23566,23567,100378
20241022,23560,23688,23332,23633,126493
20241023,23611,23667,23336,23406,111839
20241024,23402,23465,23133,23304,141177
20241025,23290,23487,23206,23481,102627
20241028,23461,23709,23216,23326,136800
20241029,23334,23386,22693,22976,155207
20241030,23016,23145,22845,22904,111359
20241101,22939,22996,22232,22753,150356
20241104,22756,23046,22692,23041,117534
20241105,23039,23239,22782,23135,122396
20241106,23136,23448,23047,23324,149606
20241107,23385,23576,22938,23532,159462
20241108,23555,23794,23478,23781,111631
20241111,23758,23840,23309,23573,132584
20241112,23554,23564,22863,22869,147314
20241113,22871,23015,22572,22783,145833
20241114,22840,23078,22576,22684,159866
20241115,22649,22930,22592,22759,121880
20241118,22733,22832,22470,22574,126150
20241119,22588,22995,22339,22850,129060
20241120,22874,22956,22654,22686,94182
20241121,22805,22822,22496,22573,129503
20241122,22588,23066,22393,23038,163313
20241125,23064,23287,22976,23066,108456
20241126,23021,23030,22615,22636,116501
20241127,22622,22762,22341,22347,117903
20241128,22395,22468,22047,22337,137376
20241129,22333,22438,22004,22313,106266
20241202,22297,22828,22160,22827,117123
20241203,22832,23191,22803,23112,105439
20241204,23086,23296,22936,23294,107020
20241205,23275,23365,23184,23251,83989
20241206,23268,23453,23134,23179,93331
20241209,23210,23328,23170,23249,83200
20241210,23235,23477,23026,23090,117541
20241211,23081,23144,22824,22848,107136
20241212,22864,23211,22800,23107,98881
20241213,23107,23142,22850,22986,105254
20241216,22999,23270,22933,22961,118895
20241217,22987,23215,22962,23031,94349
20241218,23025,23200,22836,23105,82241
20241219,23196,23386,22602,22849,135627
20241220,22859,22972,22590,22635,127967
20241223,22677,23245,22519,23242,135184
20241224,23249,23459,23145,23216,97517
20241225,23232,23376,23204,23329,58383
20241226,23336,23421,23274,23326,37483
20241227,23306,23378,23148,23372,73651
20241230,23382,23391,23089,23177,84835
20241231,23150,23195,22920,23041,95315
20250102,23023,23168,22689,22842,116477
20250103,22853,23108,22731,22977,118762
20250106,22977,23620,22940,23609,112605
20250107,23636,23990,23618,23752,112478
20250108,23758,23895,23439,23450,113483
20250109,23400,23487,23083,23105,117189
20250110,23085,23196,22955,23049,87523
20250113,23026,23176,22431,22535,172388
20250114,22543,22767,22315,22750,107308
20250115,22740,22822,22493,22519,76751
20250116,22530,23217,22511,23031,125029
20250117,23319,23529,22956,23190,143127
20250120,23224,23417,23191,23346,86721
20250121,23338,23438,23171,23365,91912
20250122,23354,23719,23326,23698,95565
20250203,23663,23841,22539,22598,112746
20250204,22612,22945,22590,22822,103606
20250205,22839,23284,22838,23133,92197
20250206,23130,23379,23050,23290,73253
20250207,23290,23465,23242,23431,64084
20250210,23431,23528,23167,23246,104262
20250211,23249,23503,23240,23335,75365
20250212,23333,23536,23213,23315,83943
20250213,23332,23460,23150,23399,95474
20250214,23395,23399,23116,23179,100220
20250217,23169,23540,23064,23504,93874
20250218,23542,23663,23463,23649,54588
20250219,23672,23702,23514,23608,55820
20250220,23635,23680,23371,23538,84148
20250221,23545,23761,23466,23745,90656
20250224,23766,23782,23420,23558,90128
20250225,23545,23593,23138,23299,106475
20250226,23255,23421,23048,23421,116911
20250227,23433,23590,23127,23196,118908
20250303,23205,23310,22600,22718,144661
20250304,22733,22758,22110,22588,164992
20250305,22597,22927,22333,22888,157266
20250306,22902,23032,22704,22763,125956
20250307,22756,22809,22408,22520,125959
20250310,22468,22630,22241,22446,148854
20250311,22440,22485,21661,22031,162966
20250312,22046,22345,21836,22232,146147
20250313,22190,22475,21917,21920,140976
20250314,21924,22131,21856,21961,134229
20250317,21960,22312,21925,22158,108538
20250318,22135,22439,22100,22230,97782
20250319,22270,22335,21935,21964,73395
20250320,22019,22417,21968,22365,108596
20250321,22365,22381,22168,22177,115789
20250324,22185,22399,22017,22160,103031
20250325,22179,22443,22162,22298,99758
20250326,22310,22429,22250,22305,86423
20250327,22305,22315,21891,21968,110620
20250328,21955,21985,21485,21603,138810
20250331,21576,21645,20724,20769,175855
20250401,20805,21271,20689,21181,153314
20250402,21237,21388,21061,21304,138964
20250407,21300,21668,19167,19167,93662
20250408,17768,19299,17566,18190,353516
20250409,18245,18845,17139,17204,336892
20250410,17336,18902,17015,18902,174827
20250411,19682,19744,18384,19524,293993
20250414,19539,19982,19179,19491,208641
20250415,19543,19833,19348,19798,123592
20250416,19810,19911,19426,19548,83225
20250417,19369,19448,19001,19369,157133
20250418,19523,19583,19254,19330,121560
20250421,19351,19400,19027,19099,66800
20250422,19094,19141,18752,18797,119396
20250423,18888,19596,18810,19554,135483
20250424,19566,19776,19413,19466,133741
20250425,19446,20008,19354,19873,131996
20250428,19889,20077,19751,19965,107734
20250429,20000,20207,19824,20154,103234
20250430,20166,20268,20062,20149,101584
20250502,20183,20710,19921,20677,133165
20250505,20652,20900,20206,20404,148990
20250506,20424,20483,20139,20337,120479
20250507,20333,20560,20158,20381,129876
20250508,20388,20695,20250,20575,125866
20250509,20561,20872,20504,20848,123404
20250512,20852,21134,20728,21066,97723
20250513,21068,21520,21068,21360,122372
20250514,21358,21787,21314,21768,109032
20250515,21802,21889,21676,21694,89234
20250516,21698,21878,21629,21821,87368
20250519,21821,21930,21499,21538,97760
20250520,21518,21773,21475,21539,88580
20250521,21535,21852,21494,21849,56584
20250522,21670,21725,21390,21503,95202
20250523,21508,21640,21333,21470,95944
20250526,21449,21569,21072,21385,121920
20250527,21410,21438,21133,21233,74413
20250528,21227,21512,21150,21252,104240
20250529,21254,21616,21192,21320,107657
20250602,21281,21285,20790,20866,121938
20250603,20881,21221,20830,20971,102055
20250604,21026,21533,20975,21482,96402
20250605,21496,21677,21453,21553,79072
20250606,21554,21752,21502,21578,92983
20250609,21577,21788,21534,21727,72731
20250610,21750,22236,21721,22113,95661
20250611,22129,22355,22096,22351,88873
20250612,22363,22493,22214,22252,83902
20250613,22236,22350,21893,21940,116044
20250616,21960,22146,21868,22032,97293
20250617,22061,22278,22036,22159,89972
20250618,22144,22384,22028,22308,65491
20250619,21963,21990,21675,21704,98823
20250620,21679,21743,21466,21653,95135
20250623,21645,21789,21205,21473,129261
20250624,21481,21966,21350,21959,123997
20250625,22010,22168,21927,22159,87380
20250626,22150,22263,22078,22117,90197
20250627,22124,22221,21989,22121,97335
20250630,22086,22254,22036,22145,92900
20250701,22138,22593,22013,22353,113731
20250702,22350,22409,22208,22396,83661
20250703,22390,22716,22281,22675,89524
20250704,22713,22874,22431,22435,87979
20250707,22430,22506,22244,22336,87491
20250708,22312,22427,22141,22251,108061
20250709,22275,22473,22146,22434,84412
20250710,22438,22647,22366,22611,94225
20250711,22617,22774,22488,22764,88084
20250714,22745,22752,22520,22551,80323
20250715,22524,22882,22462,22810,97404
20250716,22829,23116,22814,23047,63301
20250717,22888,23150,22810,23148,102747
20250718,23327,23414,23230,23262,95859
20250721,23279,23323,23172,23228,68558
20250722,23260,23406,22977,22990,105402
20250723,23016,23258,22862,23186,98532
20250724,23197,23408,23153,23310,75883
20250725,23303,23328,23188,23238,67369
20250728,23239,23483,23189,23392,85600
20250729,23398,23400,23027,23163,99431
20250730,23200,23421,23132,23361,105300
20250731,23365,23621,23222,23589,102474
20250801,23595,23683,23048,23344,119650
20250804,23297,23323,22979,23260,113848
20250805,23282,23584,23267,23575,76685
20250806,23599,23622,23376,23425,87121
20250807,23416,24054,23291,23997,110270
20250808,24001,24132,23930,23949,85275
20250811,23927,24223,23833,24162,88512
20250812,24166,24241,24071,24135,77321
20250813,24170,24412,24133,24347,104046
20250814,24349,24440,24207,24250,74378
20250815,24247,24385,24188,24312,84781
20250818,24320,24462,24138,24426,85441
20250819,24388,24447,24313,24342,66549
20250820,24350,24380,23631,23637,71087
20250821,23661,23943,23531,23852,113096
20250822,23870,23982,23732,23750,95487
20250825,23720,24314,23717,24251,117684
20250826,24230,24281,24090,24253,81503
20250827,24242,24496,24189,24463,78841
20250828,24473,24488,24203,24228,98525
20250829,24268,24453,24246,24267,93685
20250901,24250,24284,23847,24008,130131
20250902,24019,24249,23879,23965,93320
20250903,24009,24083,23691,23997,127390
20250904,24020,24365,23977,24132,124468
20250905,24125,24429,24120,24419,89972
20250908,24440,24674,24288,24551,119775
20250909,24570,24838,24562,24802,81317
20250910,24809,25244,24750,25178,110501
20250911,25193,25475,25165,25240,122782
20250912,25259,25466,25255,25459,88691
20250915,25428,25450,25269,25353,90632
20250916,25371,25663,25284,25629,78616
20250917,25620,25649,25402,25433,58847
20250918,25474,25747,25349,25709,118149
20250919,25707,25888,25594,25671,128112
20250922,25667,25941,25642,25891,86671
20250923,25864,26328,25792,26273,117496
20250924,26263,26544,26072,26237,130195
20250925,26231,26296,26087,26097,93811
20250926,26065,26094,25500,25669,154194
20250930,25650,26046,25566,25954,104183
20251001,25948,26375,25913,26045,112469
20251002,25982,26527,25920,26431,108802
20251003,26428,26764,26365,26745,115187
20251007,26769,27356,26632,27322,112766
20251008,27291,27396,26912,27093,110310
20251009,27025,27455,27000,27335,114867
20251013,27342,27396,26390,26904,129792
20251014,26920,27450,26716,26718,158949
20251015,26740,27191,26500,27156,111588
20251016,27329,27877,27230,27822,175066
20251017,27782,27814,27244,27328,163432
20251020,27265,27824,27037,27783,172520
20251021,27818,28036,27703,27833,122205
20251022,27826,27948,27526,27704,129354
20251023,27732,27738,27311,27556,131678
20251027,27620,28291,27496,28225,112347
20251028,28236,28320,27984,28002,99148
20251029,27988,28446,27953,28412,101005
20251030,28443,28552,28181,28398,131777
20251031,28380,28588,28200,28431,114092
20251103,28430,28583,28150,28340,123994
20251104,28322,28594,28113,28117,130865
20251105,28100,28229,27415,27805,173924
20251106,27860,28157,27746,28034,118735
20251107,28010,28136,27954,28119,16367